{
    "loss": [
        0.7013742923736572,
        0.69512939453125
    ],
    "f1": [
        0.4973117709159851,
        0.5148236751556396
    ],
    "val_loss": [
        0.6919082999229431,
        0.6928679347038269
    ],
    "val_f1": [
        0.500781774520874,
        0.5198476314544678
    ]
}